[{"__symbolic":"module","version":4,"metadata":{"ComponentLoader":{"__symbolic":"class","arity":1,"members":{"__ctor__":[{"__symbolic":"constructor","parameters":[{"__symbolic":"reference","module":"@angular/core","name":"ViewContainerRef","line":81,"character":31},{"__symbolic":"reference","module":"@angular/core","name":"Renderer2","line":82,"character":23},{"__symbolic":"reference","module":"@angular/core","name":"ElementRef","line":83,"character":25},{"__symbolic":"reference","module":"@angular/core","name":"Injector","line":84,"character":23},{"__symbolic":"reference","module":"@angular/core","name":"ComponentFactoryResolver","line":85,"character":39},{"__symbolic":"reference","module":"@angular/core","name":"NgZone","line":86,"character":21},{"__symbolic":"reference","module":"@angular/core","name":"ApplicationRef","line":87,"character":29},{"__symbolic":"reference","module":"../positioning/index","name":"PositioningService","line":88,"character":25}]}],"attach":[{"__symbolic":"method"}],"to":[{"__symbolic":"method"}],"position":[{"__symbolic":"method"}],"provide":[{"__symbolic":"method"}],"show":[{"__symbolic":"method"}],"hide":[{"__symbolic":"method"}],"toggle":[{"__symbolic":"method"}],"dispose":[{"__symbolic":"method"}],"listen":[{"__symbolic":"method"}],"_removeGlobalListener":[{"__symbolic":"method"}],"attachInline":[{"__symbolic":"method"}],"_registerOutsideClick":[{"__symbolic":"method"}],"getInnerComponent":[{"__symbolic":"method"}],"_subscribePositioning":[{"__symbolic":"method"}],"_unsubscribePositioning":[{"__symbolic":"method"}],"_getContentRef":[{"__symbolic":"method"}]}}}}]