[{"__symbolic":"module","version":4,"metadata":{"ComponentLoaderFactory":{"__symbolic":"class","decorators":[{"__symbolic":"call","expression":{"__symbolic":"reference","module":"@angular/core","name":"Injectable","line":7,"character":1}}],"members":{"__ctor__":[{"__symbolic":"constructor","parameters":[{"__symbolic":"reference","module":"@angular/core","name":"ComponentFactoryResolver","line":9,"character":49},{"__symbolic":"reference","module":"@angular/core","name":"NgZone","line":10,"character":31},{"__symbolic":"reference","module":"@angular/core","name":"Injector","line":11,"character":33},{"__symbolic":"reference","module":"../positioning/index","name":"PositioningService","line":12,"character":35},{"__symbolic":"reference","module":"@angular/core","name":"ApplicationRef","line":13,"character":39}]}],"createLoader":[{"__symbolic":"method"}]}}}}]