[{"__symbolic":"module","version":4,"metadata":{"BsCustomDates":{"__symbolic":"interface"},"BsCustomDatesViewComponent":{"__symbolic":"class","decorators":[{"__symbolic":"call","expression":{"__symbolic":"reference","module":"@angular/core","name":"Component","line":7,"character":1},"arguments":[{"selector":"bs-custom-date-view","template":"\n    <div class=\"bs-datepicker-predefined-btns\">\n      <button *ngFor=\"let range of ranges\">{{ range.label }}</button>\n      <button *ngIf=\"isCustomRangeShown\">Custom Range</button>\n    </div>\n  ","changeDetection":{"__symbolic":"select","expression":{"__symbolic":"reference","module":"@angular/core","name":"ChangeDetectionStrategy","line":15,"character":19},"member":"OnPush"}}]}],"members":{"isCustomRangeShown":[{"__symbolic":"property","decorators":[{"__symbolic":"call","expression":{"__symbolic":"reference","module":"@angular/core","name":"Input","line":18,"character":3}}]}],"ranges":[{"__symbolic":"property","decorators":[{"__symbolic":"call","expression":{"__symbolic":"reference","module":"@angular/core","name":"Input","line":19,"character":3}}]}]}}}}]