[{"__symbolic":"module","version":4,"metadata":{"BsCurrentDateViewComponent":{"__symbolic":"class","decorators":[{"__symbolic":"call","expression":{"__symbolic":"reference","module":"@angular/core","name":"Component","line":2,"character":1},"arguments":[{"selector":"bs-current-date","template":"<div class=\"current-timedate\"><span>{{ title }}</span></div>"}]}],"members":{"title":[{"__symbolic":"property","decorators":[{"__symbolic":"call","expression":{"__symbolic":"reference","module":"@angular/core","name":"Input","line":7,"character":3}}]}]}}}}]