[{"__symbolic":"module","version":4,"metadata":{"BsDatepickerNavigationViewComponent":{"__symbolic":"class","decorators":[{"__symbolic":"call","expression":{"__symbolic":"reference","module":"@angular/core","name":"Component","line":13,"character":1},"arguments":[{"selector":"bs-datepicker-navigation-view","changeDetection":{"__symbolic":"select","expression":{"__symbolic":"reference","module":"@angular/core","name":"ChangeDetectionStrategy","line":15,"character":19},"member":"OnPush"},"template":"\n    <button class=\"previous\"\n            [disabled]=\"calendar.disableLeftArrow\"\n            [style.visibility]=\"calendar.hideLeftArrow ? 'hidden' : 'visible'\"\n            (click)=\"navTo(true)\"><span>&lsaquo;</span>\n    </button>\n\n    <button class=\"current\"\n            *ngIf=\"calendar.monthTitle\"\n            (click)=\"view('month')\"\n    ><span>{{ calendar.monthTitle }}</span>\n    </button>\n\n    <button class=\"current\" (click)=\"view('year')\"\n    ><span>{{ calendar.yearTitle }}</span></button>\n\n    <button class=\"next\"\n            [disabled]=\"calendar.disableRightArrow\"\n            [style.visibility]=\"calendar.hideRightArrow ? 'hidden' : 'visible'\"\n            (click)=\"navTo(false)\"><span>&rsaquo;</span>\n    </button>\n  "}]}],"members":{"calendar":[{"__symbolic":"property","decorators":[{"__symbolic":"call","expression":{"__symbolic":"reference","module":"@angular/core","name":"Input","line":40,"character":3}}]}],"onNavigate":[{"__symbolic":"property","decorators":[{"__symbolic":"call","expression":{"__symbolic":"reference","module":"@angular/core","name":"Output","line":42,"character":3}}]}],"onViewMode":[{"__symbolic":"property","decorators":[{"__symbolic":"call","expression":{"__symbolic":"reference","module":"@angular/core","name":"Output","line":43,"character":3}}]}],"navTo":[{"__symbolic":"method"}],"view":[{"__symbolic":"method"}]}}}}]