[{"__symbolic":"module","version":4,"metadata":{"BsDaysCalendarViewComponent":{"__symbolic":"class","decorators":[{"__symbolic":"call","expression":{"__symbolic":"reference","module":"@angular/core","name":"Component","line":16,"character":1},"arguments":[{"selector":"bs-days-calendar-view","template":"\n    <bs-calendar-layout>\n      <bs-datepicker-navigation-view\n        [calendar]=\"calendar\"\n        (onNavigate)=\"navigateTo($event)\"\n        (onViewMode)=\"changeViewMode($event)\"\n      ></bs-datepicker-navigation-view>\n\n      <!--days matrix-->\n      <table role=\"grid\" class=\"days weeks\">\n        <thead>\n        <tr>\n          <!--if show weeks-->\n          <th *ngIf=\"options.showWeekNumbers\"></th>\n          <th *ngFor=\"let weekday of calendar.weekdays; let i = index\"\n              aria-label=\"weekday\">{{ calendar.weekdays[i] }}\n          </th>\n        </tr>\n        </thead>\n        <tbody>\n        <tr *ngFor=\"let week of calendar.weeks; let i = index\">\n          <td class=\"week\" *ngIf=\"options.showWeekNumbers\">\n            <span>{{ calendar.weekNumbers[i] }}</span>\n          </td>\n          <td *ngFor=\"let day of week.days\" role=\"gridcell\">\n          <span bsDatepickerDayDecorator\n                [day]=\"day\"\n                (click)=\"selectDay(day)\"\n                (mouseenter)=\"hoverDay(day, true)\"\n                (mouseleave)=\"hoverDay(day, false)\">{{ day.label }}</span>\n          </td>\n        </tr>\n        </tbody>\n      </table>\n\n    </bs-calendar-layout>\n  "}]}],"members":{"calendar":[{"__symbolic":"property","decorators":[{"__symbolic":"call","expression":{"__symbolic":"reference","module":"@angular/core","name":"Input","line":58,"character":3}}]}],"options":[{"__symbolic":"property","decorators":[{"__symbolic":"call","expression":{"__symbolic":"reference","module":"@angular/core","name":"Input","line":59,"character":3}}]}],"onNavigate":[{"__symbolic":"property","decorators":[{"__symbolic":"call","expression":{"__symbolic":"reference","module":"@angular/core","name":"Output","line":61,"character":3}}]}],"onViewMode":[{"__symbolic":"property","decorators":[{"__symbolic":"call","expression":{"__symbolic":"reference","module":"@angular/core","name":"Output","line":62,"character":3}}]}],"onSelect":[{"__symbolic":"property","decorators":[{"__symbolic":"call","expression":{"__symbolic":"reference","module":"@angular/core","name":"Output","line":64,"character":3}}]}],"onHover":[{"__symbolic":"property","decorators":[{"__symbolic":"call","expression":{"__symbolic":"reference","module":"@angular/core","name":"Output","line":65,"character":3}}]}],"navigateTo":[{"__symbolic":"method"}],"changeViewMode":[{"__symbolic":"method"}],"selectDay":[{"__symbolic":"method"}],"hoverDay":[{"__symbolic":"method"}]}}}}]