[{"__symbolic":"module","version":4,"metadata":{"BsMonthCalendarViewComponent":{"__symbolic":"class","decorators":[{"__symbolic":"call","expression":{"__symbolic":"reference","module":"@angular/core","name":"Component","line":10,"character":1},"arguments":[{"selector":"bs-month-calendar-view","template":"\n    <bs-calendar-layout>\n      <bs-datepicker-navigation-view\n        [calendar]=\"calendar\"\n        (onNavigate)=\"navigateTo($event)\"\n        (onViewMode)=\"changeViewMode($event)\"\n      ></bs-datepicker-navigation-view>\n\n      <table role=\"grid\" class=\"months\">\n        <tbody>\n        <tr *ngFor=\"let row of calendar.months\">\n          <td *ngFor=\"let month of row\" role=\"gridcell\"\n              (click)=\"viewMonth(month)\"\n              (mouseenter)=\"hoverMonth(month, true)\"\n              (mouseleave)=\"hoverMonth(month, false)\"\n              [class.disabled]=\"month.isDisabled\"\n              [class.is-highlighted]=\"month.isHovered\">\n            <span>{{ month.label }}</span>\n          </td>\n        </tr>\n        </tbody>\n      </table>\n    </bs-calendar-layout>\n  "}]}],"members":{"calendar":[{"__symbolic":"property","decorators":[{"__symbolic":"call","expression":{"__symbolic":"reference","module":"@angular/core","name":"Input","line":38,"character":3}}]}],"onNavigate":[{"__symbolic":"property","decorators":[{"__symbolic":"call","expression":{"__symbolic":"reference","module":"@angular/core","name":"Output","line":40,"character":3}}]}],"onViewMode":[{"__symbolic":"property","decorators":[{"__symbolic":"call","expression":{"__symbolic":"reference","module":"@angular/core","name":"Output","line":41,"character":3}}]}],"onSelect":[{"__symbolic":"property","decorators":[{"__symbolic":"call","expression":{"__symbolic":"reference","module":"@angular/core","name":"Output","line":43,"character":3}}]}],"onHover":[{"__symbolic":"property","decorators":[{"__symbolic":"call","expression":{"__symbolic":"reference","module":"@angular/core","name":"Output","line":44,"character":3}}]}],"navigateTo":[{"__symbolic":"method"}],"viewMonth":[{"__symbolic":"method"}],"hoverMonth":[{"__symbolic":"method"}],"changeViewMode":[{"__symbolic":"method"}]}}}}]