[{"__symbolic":"module","version":4,"metadata":{"mod":{"__symbolic":"function","parameters":["n","x"],"value":{"__symbolic":"binop","operator":"%","left":{"__symbolic":"binop","operator":"+","left":{"__symbolic":"binop","operator":"%","left":{"__symbolic":"reference","name":"n"},"right":{"__symbolic":"reference","name":"x"}},"right":{"__symbolic":"reference","name":"x"}},"right":{"__symbolic":"reference","name":"x"}}},"absFloor":{"__symbolic":"function","parameters":["num"],"value":{"__symbolic":"if","condition":{"__symbolic":"binop","operator":"<","left":{"__symbolic":"reference","name":"num"},"right":0},"thenExpression":{"__symbolic":"binop","operator":"||","left":{"__symbolic":"call","expression":{"__symbolic":"select","expression":{"__symbolic":"reference","name":"Math"},"member":"ceil"},"arguments":[{"__symbolic":"reference","name":"num"}]},"right":0},"elseExpression":{"__symbolic":"call","expression":{"__symbolic":"select","expression":{"__symbolic":"reference","name":"Math"},"member":"floor"},"arguments":[{"__symbolic":"reference","name":"num"}]}}}}}]