[{"__symbolic":"module","version":4,"metadata":{"formatDaysCalendar":{"__symbolic":"function","parameters":["daysCalendar","formatOptions","monthIndex"],"value":{"month":{"__symbolic":"select","expression":{"__symbolic":"reference","name":"daysCalendar"},"member":"month"},"monthTitle":{"__symbolic":"call","expression":{"__symbolic":"reference","module":"../../chronos/format","name":"formatDate","line":13,"character":16},"arguments":[{"__symbolic":"select","expression":{"__symbolic":"reference","name":"daysCalendar"},"member":"month"},{"__symbolic":"select","expression":{"__symbolic":"reference","name":"formatOptions"},"member":"monthTitle"},{"__symbolic":"select","expression":{"__symbolic":"reference","name":"formatOptions"},"member":"locale"}]},"yearTitle":{"__symbolic":"call","expression":{"__symbolic":"reference","module":"../../chronos/format","name":"formatDate","line":18,"character":15},"arguments":[{"__symbolic":"select","expression":{"__symbolic":"reference","name":"daysCalendar"},"member":"month"},{"__symbolic":"select","expression":{"__symbolic":"reference","name":"formatOptions"},"member":"yearTitle"},{"__symbolic":"select","expression":{"__symbolic":"reference","name":"formatOptions"},"member":"locale"}]},"weekNumbers":{"__symbolic":"call","expression":{"__symbolic":"reference","name":"getWeekNumbers"},"arguments":[{"__symbolic":"select","expression":{"__symbolic":"reference","name":"daysCalendar"},"member":"daysMatrix"},{"__symbolic":"select","expression":{"__symbolic":"reference","name":"formatOptions"},"member":"weekNumbers"},{"__symbolic":"select","expression":{"__symbolic":"reference","name":"formatOptions"},"member":"locale"}]},"weekdays":{"__symbolic":"call","expression":{"__symbolic":"reference","name":"getShiftedWeekdays"},"arguments":[{"__symbolic":"select","expression":{"__symbolic":"reference","name":"formatOptions"},"member":"locale"}]},"weeks":{"__symbolic":"call","expression":{"__symbolic":"select","expression":{"__symbolic":"select","expression":{"__symbolic":"reference","name":"daysCalendar"},"member":"daysMatrix"},"member":"map"},"arguments":[{"__symbolic":"error","message":"Lambda not supported","line":29,"character":39}]}}},"getWeekNumbers":{"__symbolic":"function","parameters":["daysMatrix","format","locale"],"value":{"__symbolic":"call","expression":{"__symbolic":"select","expression":{"__symbolic":"reference","name":"daysMatrix"},"member":"map"},"arguments":[{"__symbolic":"error","message":"Lambda not supported","line":45,"character":4}]}},"getShiftedWeekdays":{"__symbolic":"function"}}}]