[{"__symbolic":"module","version":4,"metadata":{"Direction":{"UNKNOWN":0,"NEXT":1,"PREV":2},"CarouselComponent":{"__symbolic":"class","decorators":[{"__symbolic":"call","expression":{"__symbolic":"reference","module":"@angular/core","name":"Component","line":35,"character":1},"arguments":[{"selector":"carousel","template":"<div (mouseenter)=\"pause()\" (mouseleave)=\"play()\" (mouseup)=\"play()\" class=\"carousel slide\"> <ol class=\"carousel-indicators\" *ngIf=\"showIndicators && slides.length > 1\"> <li *ngFor=\"let slidez of slides; let i = index;\" [class.active]=\"slidez.active === true\" (click)=\"selectSlide(i)\"></li> </ol> <div class=\"carousel-inner\"><ng-content></ng-content></div> <a class=\"left carousel-control carousel-control-prev\" [class.disabled]=\"activeSlide === 0 && noWrap\" (click)=\"previousSlide()\" *ngIf=\"slides.length > 1\"> <span class=\"icon-prev carousel-control-prev-icon\" aria-hidden=\"true\"></span> <span *ngIf=\"isBs4\" class=\"sr-only\">Previous</span> </a> <a class=\"right carousel-control carousel-control-next\" (click)=\"nextSlide()\"  [class.disabled]=\"isLast(activeSlide) && noWrap\" *ngIf=\"slides.length > 1\"> <span class=\"icon-next carousel-control-next-icon\" aria-hidden=\"true\"></span> <span class=\"sr-only\">Next</span> </a> </div> "}]}],"members":{"noWrap":[{"__symbolic":"property","decorators":[{"__symbolic":"call","expression":{"__symbolic":"reference","module":"@angular/core","name":"Input","line":41,"character":3}}]}],"noPause":[{"__symbolic":"property","decorators":[{"__symbolic":"call","expression":{"__symbolic":"reference","module":"@angular/core","name":"Input","line":43,"character":3}}]}],"showIndicators":[{"__symbolic":"property","decorators":[{"__symbolic":"call","expression":{"__symbolic":"reference","module":"@angular/core","name":"Input","line":45,"character":3}}]}],"activeSlideChange":[{"__symbolic":"property","decorators":[{"__symbolic":"call","expression":{"__symbolic":"reference","module":"@angular/core","name":"Output","line":48,"character":3}}]}],"activeSlide":[{"__symbolic":"property","decorators":[{"__symbolic":"call","expression":{"__symbolic":"reference","module":"@angular/core","name":"Input","line":52,"character":3}}]}],"interval":[{"__symbolic":"property","decorators":[{"__symbolic":"call","expression":{"__symbolic":"reference","module":"@angular/core","name":"Input","line":67,"character":3}}]}],"__ctor__":[{"__symbolic":"constructor","parameters":[{"__symbolic":"reference","module":"./carousel.config","name":"CarouselConfig","line":92,"character":22},{"__symbolic":"reference","module":"@angular/core","name":"NgZone","line":92,"character":54}]}],"ngOnDestroy":[{"__symbolic":"method"}],"addSlide":[{"__symbolic":"method"}],"removeSlide":[{"__symbolic":"method"}],"nextSlide":[{"__symbolic":"method"}],"previousSlide":[{"__symbolic":"method"}],"selectSlide":[{"__symbolic":"method"}],"play":[{"__symbolic":"method"}],"pause":[{"__symbolic":"method"}],"getCurrentSlideIndex":[{"__symbolic":"method"}],"isLast":[{"__symbolic":"method"}],"findNextSlideIndex":[{"__symbolic":"method"}],"_select":[{"__symbolic":"method"}],"restartTimer":[{"__symbolic":"method"}],"resetTimer":[{"__symbolic":"method"}]}}}}]