[{"__symbolic":"module","version":4,"metadata":{"CarouselModule":{"__symbolic":"class","decorators":[{"__symbolic":"call","expression":{"__symbolic":"reference","module":"@angular/core","name":"NgModule","line":7,"character":1},"arguments":[{"imports":[{"__symbolic":"reference","module":"@angular/common","name":"CommonModule","line":8,"character":12}],"declarations":[{"__symbolic":"reference","module":"./slide.component","name":"SlideComponent","line":9,"character":17},{"__symbolic":"reference","module":"./carousel.component","name":"CarouselComponent","line":9,"character":33}],"exports":[{"__symbolic":"reference","module":"./slide.component","name":"SlideComponent","line":10,"character":12},{"__symbolic":"reference","module":"./carousel.component","name":"CarouselComponent","line":10,"character":28}],"providers":[{"__symbolic":"reference","module":"./carousel.config","name":"CarouselConfig","line":11,"character":14}]}]}],"statics":{"forRoot":{"__symbolic":"function","parameters":[],"value":{"ngModule":{"__symbolic":"reference","name":"CarouselModule"},"providers":[]}}}}}}]