[{"__symbolic":"module","version":4,"metadata":{"SlideComponent":{"__symbolic":"class","decorators":[{"__symbolic":"call","expression":{"__symbolic":"reference","module":"@angular/core","name":"Component","line":10,"character":1},"arguments":[{"selector":"slide","template":"\n    <div [class.active]=\"active\" class=\"item\">\n      <ng-content></ng-content>\n    </div>\n  ","host":{"[attr.aria-hidden]":"!active","$quoted$":["[attr.aria-hidden]"]}}]}],"members":{"active":[{"__symbolic":"property","decorators":[{"__symbolic":"call","expression":{"__symbolic":"reference","module":"@angular/core","name":"HostBinding","line":23,"character":3},"arguments":["class.active"]},{"__symbolic":"call","expression":{"__symbolic":"reference","module":"@angular/core","name":"Input","line":24,"character":3}}]}],"addClass":[{"__symbolic":"property","decorators":[{"__symbolic":"call","expression":{"__symbolic":"reference","module":"@angular/core","name":"HostBinding","line":28,"character":3},"arguments":["class.item"]},{"__symbolic":"call","expression":{"__symbolic":"reference","module":"@angular/core","name":"HostBinding","line":29,"character":3},"arguments":["class.carousel-item"]}]}],"__ctor__":[{"__symbolic":"constructor","parameters":[{"__symbolic":"reference","module":"./carousel.component","name":"CarouselComponent","line":35,"character":24}]}],"ngOnInit":[{"__symbolic":"method"}],"ngOnDestroy":[{"__symbolic":"method"}]}}}}]