[{"__symbolic":"module","version":4,"metadata":{"ExtendedUnitOfTime":{"__symbolic":"interface"},"addUnitAlias":{"__symbolic":"function"},"normalizeUnits":{"__symbolic":"function","parameters":["units"],"value":{"__symbolic":"if","condition":{"__symbolic":"call","expression":{"__symbolic":"reference","module":"../utils/type-checks","name":"isString","line":26,"character":9},"arguments":[{"__symbolic":"reference","name":"units"}]},"thenExpression":{"__symbolic":"binop","operator":"||","left":{"__symbolic":"index","expression":{},"index":{"__symbolic":"reference","name":"units"}},"right":{"__symbolic":"index","expression":{},"index":{"__symbolic":"call","expression":{"__symbolic":"select","expression":{"__symbolic":"reference","name":"units"},"member":"toLowerCase"}}}},"elseExpression":{"__symbolic":"reference","name":"undefined"}}},"normalizeObjectUnits":{"__symbolic":"function"}}}]