[{"__symbolic":"module","version":4,"metadata":{"parseWeekday":{"__symbolic":"function"},"parseIsoWeekday":{"__symbolic":"function"},"getSetDayOfWeek":{"__symbolic":"function"},"setDayOfWeek":{"__symbolic":"function"},"getDayOfWeek":{"__symbolic":"function","parameters":["date","isUTC"],"value":{"__symbolic":"call","expression":{"__symbolic":"reference","module":"../utils/date-getters","name":"getDay","line":140,"character":9},"arguments":[{"__symbolic":"reference","name":"date"},{"__symbolic":"reference","name":"isUTC"}]}},"getLocaleDayOfWeek":{"__symbolic":"function","parameters":["date","locale","isUTC"],"value":{"__symbolic":"binop","operator":"%","left":{"__symbolic":"binop","operator":"-","left":{"__symbolic":"binop","operator":"+","left":{"__symbolic":"call","expression":{"__symbolic":"reference","module":"../utils/date-getters","name":"getDay","line":148,"character":10},"arguments":[{"__symbolic":"reference","name":"date"},{"__symbolic":"reference","name":"isUTC"}]},"right":7},"right":{"__symbolic":"call","expression":{"__symbolic":"select","expression":{"__symbolic":"reference","name":"locale"},"member":"firstDayOfWeek"}}},"right":7},"defaults":[null,{"__symbolic":"call","expression":{"__symbolic":"reference","module":"../locale/locales","name":"getLocale","line":147,"character":56}},null]},"setLocaleDayOfWeek":{"__symbolic":"function"},"getISODayOfWeek":{"__symbolic":"function","parameters":["date","isUTC"],"value":{"__symbolic":"binop","operator":"||","left":{"__symbolic":"call","expression":{"__symbolic":"reference","module":"../utils/date-getters","name":"getDay","line":160,"character":9},"arguments":[{"__symbolic":"reference","name":"date"},{"__symbolic":"reference","name":"isUTC"}]},"right":7}},"setISODayOfWeek":{"__symbolic":"function"}}}]