[{"__symbolic":"module","version":4,"metadata":{"cloneWithOffset":{"__symbolic":"function"},"getDateOffset":{"__symbolic":"function","parameters":["date"],"value":{"__symbolic":"binop","operator":"*","left":{"__symbolic":"pre","operator":"-","operand":{"__symbolic":"call","expression":{"__symbolic":"select","expression":{"__symbolic":"reference","name":"Math"},"member":"round"},"arguments":[{"__symbolic":"binop","operator":"/","left":{"__symbolic":"call","expression":{"__symbolic":"select","expression":{"__symbolic":"reference","name":"date"},"member":"getTimezoneOffset"}},"right":15}]}},"right":15}},"getUTCOffset":{"__symbolic":"function"},"setUTCOffset":{"__symbolic":"function"},"setOffsetToUTC":{"__symbolic":"function","parameters":["date","keepLocalTime"],"value":{"__symbolic":"call","expression":{"__symbolic":"reference","name":"setUTCOffset"},"arguments":[{"__symbolic":"reference","name":"date"},0,{"__symbolic":"reference","name":"keepLocalTime"}]}},"isDaylightSavingTime":{"__symbolic":"function","parameters":["date"],"value":{"__symbolic":"binop","operator":"||","left":{"__symbolic":"binop","operator":">","left":{"__symbolic":"call","expression":{"__symbolic":"reference","name":"getUTCOffset"},"arguments":[{"__symbolic":"reference","name":"date"}]},"right":{"__symbolic":"call","expression":{"__symbolic":"reference","name":"getUTCOffset"},"arguments":[{"__symbolic":"call","expression":{"__symbolic":"reference","module":"../utils/date-setters","name":"setMonth","line":174,"character":44},"arguments":[{"__symbolic":"call","expression":{"__symbolic":"reference","module":"../create/clone","name":"cloneDate","line":174,"character":53},"arguments":[{"__symbolic":"reference","name":"date"}]},0]}]}},"right":{"__symbolic":"binop","operator":">","left":{"__symbolic":"call","expression":{"__symbolic":"reference","name":"getUTCOffset"},"arguments":[{"__symbolic":"reference","name":"date"}]},"right":{"__symbolic":"call","expression":{"__symbolic":"reference","name":"getUTCOffset"},"arguments":[{"__symbolic":"call","expression":{"__symbolic":"reference","module":"../utils/date-setters","name":"setMonth","line":175,"character":41},"arguments":[{"__symbolic":"call","expression":{"__symbolic":"reference","module":"../create/clone","name":"cloneDate","line":175,"character":50},"arguments":[{"__symbolic":"reference","name":"date"}]},5]}]}}}},"setOffsetToParsedOffset":{"__symbolic":"function"},"hasAlignedHourOffset":{"__symbolic":"function"}}}]