[{"__symbolic":"module","version":4,"metadata":{"getQuarter":{"__symbolic":"function","parameters":["date","isUTC"],"value":{"__symbolic":"call","expression":{"__symbolic":"select","expression":{"__symbolic":"reference","name":"Math"},"member":"ceil"},"arguments":[{"__symbolic":"binop","operator":"/","left":{"__symbolic":"binop","operator":"+","left":{"__symbolic":"call","expression":{"__symbolic":"reference","module":"../utils/date-getters","name":"getMonth","line":39,"character":20},"arguments":[{"__symbolic":"reference","name":"date"},{"__symbolic":"reference","name":"isUTC"}]},"right":1},"right":3}]},"defaults":[null,false]},"setQuarter":{"__symbolic":"function","parameters":["date","quarter","isUTC"],"value":{"__symbolic":"call","expression":{"__symbolic":"reference","module":"../utils/date-setters","name":"setMonth","line":43,"character":9},"arguments":[{"__symbolic":"reference","name":"date"},{"__symbolic":"binop","operator":"+","left":{"__symbolic":"binop","operator":"*","left":{"__symbolic":"binop","operator":"-","left":{"__symbolic":"reference","name":"quarter"},"right":1},"right":3},"right":{"__symbolic":"binop","operator":"%","left":{"__symbolic":"call","expression":{"__symbolic":"reference","module":"../utils/date-getters","name":"getMonth","line":43,"character":44},"arguments":[{"__symbolic":"reference","name":"date"},{"__symbolic":"reference","name":"isUTC"}]},"right":3}},{"__symbolic":"reference","name":"isUTC"}]}}}}]