[{"__symbolic":"module","version":4,"metadata":{"getSetWeekYear":{"__symbolic":"function","parameters":["date","input","locale","isUTC"],"value":{"__symbolic":"error","message":"Reference to a non-exported function","line":117,"character":9,"context":{"name":"getSetWeekYearHelper"}},"defaults":[null,null,{"__symbolic":"call","expression":{"__symbolic":"reference","module":"../locale/locales","name":"getLocale","line":85,"character":67}},null]},"getWeekYear":{"__symbolic":"function","parameters":["date","locale","isUTC"],"value":{"__symbolic":"select","expression":{"__symbolic":"call","expression":{"__symbolic":"reference","module":"./week-calendar-utils","name":"weekOfYear","line":98,"character":9},"arguments":[{"__symbolic":"reference","name":"date"},{"__symbolic":"call","expression":{"__symbolic":"select","expression":{"__symbolic":"reference","name":"locale"},"member":"firstDayOfWeek"}},{"__symbolic":"call","expression":{"__symbolic":"select","expression":{"__symbolic":"reference","name":"locale"},"member":"firstDayOfYear"}},{"__symbolic":"reference","name":"isUTC"}]},"member":"year"},"defaults":[null,{"__symbolic":"call","expression":{"__symbolic":"reference","module":"../locale/locales","name":"getLocale","line":97,"character":49}},null]},"getSetISOWeekYear":{"__symbolic":"function","parameters":["date","input","isUTC"],"value":{"__symbolic":"error","message":"Reference to a non-exported function","line":117,"character":9,"context":{"name":"getSetWeekYearHelper"}}},"getISOWeekYear":{"__symbolic":"function","parameters":["date","isUTC"],"value":{"__symbolic":"select","expression":{"__symbolic":"call","expression":{"__symbolic":"reference","module":"./week-calendar-utils","name":"weekOfYear","line":106,"character":9},"arguments":[{"__symbolic":"reference","name":"date"},1,4,{"__symbolic":"reference","name":"isUTC"}]},"member":"year"}},"getISOWeeksInYear":{"__symbolic":"function","parameters":["date","isUTC"],"value":{"__symbolic":"call","expression":{"__symbolic":"reference","module":"./week-calendar-utils","name":"weeksInYear","line":110,"character":9},"arguments":[{"__symbolic":"call","expression":{"__symbolic":"reference","module":"../utils/date-getters","name":"getFullYear","line":110,"character":21},"arguments":[{"__symbolic":"reference","name":"date"},{"__symbolic":"reference","name":"isUTC"}]},1,4]}},"getWeeksInYear":{"__symbolic":"function","parameters":["date","isUTC","locale"],"value":{"__symbolic":"call","expression":{"__symbolic":"reference","module":"./week-calendar-utils","name":"weeksInYear","line":114,"character":9},"arguments":[{"__symbolic":"call","expression":{"__symbolic":"reference","module":"../utils/date-getters","name":"getFullYear","line":114,"character":21},"arguments":[{"__symbolic":"reference","name":"date"},{"__symbolic":"reference","name":"isUTC"}]},{"__symbolic":"call","expression":{"__symbolic":"select","expression":{"__symbolic":"reference","name":"locale"},"member":"firstDayOfWeek"}},{"__symbolic":"call","expression":{"__symbolic":"select","expression":{"__symbolic":"reference","name":"locale"},"member":"firstDayOfYear"}}]},"defaults":[null,null,{"__symbolic":"call","expression":{"__symbolic":"reference","module":"../locale/locales","name":"getLocale","line":113,"character":77}}]}}}]