[{"__symbolic":"module","version":4,"metadata":{"setWeek":{"__symbolic":"function"},"getWeek":{"__symbolic":"function","parameters":["date","locale","isUTC"],"value":{"__symbolic":"call","expression":{"__symbolic":"select","expression":{"__symbolic":"reference","name":"locale"},"member":"week"},"arguments":[{"__symbolic":"reference","name":"date"},{"__symbolic":"reference","name":"isUTC"}]},"defaults":[null,{"__symbolic":"call","expression":{"__symbolic":"reference","module":"../locale/locales","name":"getLocale","line":60,"character":45}},null]},"setISOWeek":{"__symbolic":"function"},"getISOWeek":{"__symbolic":"function","parameters":["date","isUTC"],"value":{"__symbolic":"select","expression":{"__symbolic":"call","expression":{"__symbolic":"reference","module":"./week-calendar-utils","name":"weekOfYear","line":76,"character":9},"arguments":[{"__symbolic":"reference","name":"date"},1,4,{"__symbolic":"reference","name":"isUTC"}]},"member":"week"}}}}]