[{"__symbolic":"module","version":4,"metadata":{"parseTwoDigitYear":{"__symbolic":"function","parameters":["input"],"value":{"__symbolic":"binop","operator":"+","left":{"__symbolic":"call","expression":{"__symbolic":"reference","module":"../utils/type-checks","name":"toInt","line":66,"character":9},"arguments":[{"__symbolic":"reference","name":"input"}]},"right":{"__symbolic":"if","condition":{"__symbolic":"binop","operator":">","left":{"__symbolic":"call","expression":{"__symbolic":"reference","module":"../utils/type-checks","name":"toInt","line":66,"character":25},"arguments":[{"__symbolic":"reference","name":"input"}]},"right":68},"thenExpression":1900,"elseExpression":2000}}},"daysInYear":{"__symbolic":"function","parameters":["year"],"value":{"__symbolic":"if","condition":{"__symbolic":"call","expression":{"__symbolic":"reference","name":"isLeapYear"},"arguments":[{"__symbolic":"reference","name":"year"}]},"thenExpression":366,"elseExpression":365}},"isLeapYear":{"__symbolic":"function","parameters":["year"],"value":{"__symbolic":"binop","operator":"||","left":{"__symbolic":"binop","operator":"&&","left":{"__symbolic":"binop","operator":"===","left":{"__symbolic":"binop","operator":"%","left":{"__symbolic":"reference","name":"year"},"right":4},"right":0},"right":{"__symbolic":"binop","operator":"!==","left":{"__symbolic":"binop","operator":"%","left":{"__symbolic":"reference","name":"year"},"right":100},"right":0}},"right":{"__symbolic":"binop","operator":"===","left":{"__symbolic":"binop","operator":"%","left":{"__symbolic":"reference","name":"year"},"right":400},"right":0}}}}}]