[{"__symbolic":"module","version":4,"metadata":{"absRound":{"__symbolic":"function","parameters":["num"],"value":{"__symbolic":"if","condition":{"__symbolic":"binop","operator":"<","left":{"__symbolic":"reference","name":"num"},"right":0},"thenExpression":{"__symbolic":"binop","operator":"*","left":{"__symbolic":"call","expression":{"__symbolic":"select","expression":{"__symbolic":"reference","name":"Math"},"member":"round"},"arguments":[{"__symbolic":"binop","operator":"*","left":{"__symbolic":"reference","name":"num"},"right":-1}]},"right":-1},"elseExpression":{"__symbolic":"call","expression":{"__symbolic":"select","expression":{"__symbolic":"reference","name":"Math"},"member":"round"},"arguments":[{"__symbolic":"reference","name":"num"}]}}}}}]