[{"__symbolic":"module","version":4,"metadata":{"absCeil":{"__symbolic":"function","parameters":["number"],"value":{"__symbolic":"if","condition":{"__symbolic":"binop","operator":"<","left":{"__symbolic":"reference","name":"number"},"right":0},"thenExpression":{"__symbolic":"call","expression":{"__symbolic":"select","expression":{"__symbolic":"reference","name":"Math"},"member":"floor"},"arguments":[{"__symbolic":"reference","name":"number"}]},"elseExpression":{"__symbolic":"call","expression":{"__symbolic":"select","expression":{"__symbolic":"reference","name":"Math"},"member":"ceil"},"arguments":[{"__symbolic":"reference","name":"number"}]}}}}}]