[{"__symbolic":"module","version":4,"metadata":{"isAfter":{"__symbolic":"function"},"isBefore":{"__symbolic":"function"},"isBetween":{"__symbolic":"function"},"isSame":{"__symbolic":"function"},"isSameOrAfter":{"__symbolic":"function","parameters":["date1","date2","units"],"value":{"__symbolic":"binop","operator":"||","left":{"__symbolic":"call","expression":{"__symbolic":"reference","name":"isSame"},"arguments":[{"__symbolic":"reference","name":"date1"},{"__symbolic":"reference","name":"date2"},{"__symbolic":"reference","name":"units"}]},"right":{"__symbolic":"call","expression":{"__symbolic":"reference","name":"isAfter"},"arguments":[{"__symbolic":"reference","name":"date1"},{"__symbolic":"reference","name":"date2"},{"__symbolic":"reference","name":"units"}]}}},"isSameOrBefore":{"__symbolic":"function","parameters":["date1","date2","units"],"value":{"__symbolic":"binop","operator":"||","left":{"__symbolic":"call","expression":{"__symbolic":"reference","name":"isSame"},"arguments":[{"__symbolic":"reference","name":"date1"},{"__symbolic":"reference","name":"date2"},{"__symbolic":"reference","name":"units"}]},"right":{"__symbolic":"call","expression":{"__symbolic":"reference","name":"isBefore"},"arguments":[{"__symbolic":"reference","name":"date1"},{"__symbolic":"reference","name":"date2"},{"__symbolic":"reference","name":"units"}]}}}}}]