[{"__symbolic":"module","version":4,"metadata":{"shiftDate":{"__symbolic":"function"},"setFullDate":{"__symbolic":"function","parameters":["date","unit"],"value":{"__symbolic":"call","expression":{"__symbolic":"reference","module":"../create/date-from-array","name":"createDate","line":36,"character":9},"arguments":[{"__symbolic":"error","message":"Reference to a non-exported function","line":47,"character":9,"context":{"name":"getNum"}},{"__symbolic":"error","message":"Reference to a non-exported function","line":47,"character":9,"context":{"name":"getNum"}},{"__symbolic":"error","message":"Reference to a non-exported function","line":47,"character":9,"context":{"name":"getNum"}},{"__symbolic":"error","message":"Reference to a non-exported function","line":47,"character":9,"context":{"name":"getNum"}},{"__symbolic":"error","message":"Reference to a non-exported function","line":47,"character":9,"context":{"name":"getNum"}},{"__symbolic":"error","message":"Reference to a non-exported function","line":47,"character":9,"context":{"name":"getNum"}},{"__symbolic":"error","message":"Reference to a non-exported function","line":47,"character":9,"context":{"name":"getNum"}}]}},"setFullYear":{"__symbolic":"function"},"setMonth":{"__symbolic":"function"},"setDay":{"__symbolic":"function"},"setHours":{"__symbolic":"function"},"setMinutes":{"__symbolic":"function"},"setSeconds":{"__symbolic":"function"},"setMilliseconds":{"__symbolic":"function"},"setDate":{"__symbolic":"function"},"setTime":{"__symbolic":"function"}}}]