[{"__symbolic":"module","version":4,"metadata":{"isString":{"__symbolic":"function","parameters":["str"],"value":{"__symbolic":"binop","operator":"===","left":{"__symbolic":"error","message":"Expression form not supported","line":3,"character":9},"right":"string"}},"isDate":{"__symbolic":"function","parameters":["value"],"value":{"__symbolic":"binop","operator":"||","left":{"__symbolic":"binop","operator":"instanceof","left":{"__symbolic":"reference","name":"value"},"right":{"__symbolic":"reference","name":"Date"}},"right":{"__symbolic":"binop","operator":"===","left":{"__symbolic":"call","expression":{"__symbolic":"select","expression":{"__symbolic":"select","expression":{"__symbolic":"select","expression":{"__symbolic":"reference","name":"Object"},"member":"prototype"},"member":"toString"},"member":"call"},"arguments":[{"__symbolic":"reference","name":"value"}]},"right":"[object Date]"}}},"isBoolean":{"__symbolic":"function","parameters":["value"],"value":{"__symbolic":"binop","operator":"||","left":{"__symbolic":"binop","operator":"===","left":{"__symbolic":"reference","name":"value"},"right":true},"right":{"__symbolic":"binop","operator":"===","left":{"__symbolic":"reference","name":"value"},"right":false}}},"isDateValid":{"__symbolic":"function","parameters":["date"],"value":{"__symbolic":"binop","operator":"&&","left":{"__symbolic":"binop","operator":"&&","left":{"__symbolic":"reference","name":"date"},"right":{"__symbolic":"select","expression":{"__symbolic":"reference","name":"date"},"member":"getTime"}},"right":{"__symbolic":"pre","operator":"!","operand":{"__symbolic":"call","expression":{"__symbolic":"reference","name":"isNaN"},"arguments":[{"__symbolic":"call","expression":{"__symbolic":"select","expression":{"__symbolic":"reference","name":"date"},"member":"getTime"}}]}}}},"isFunction":{"__symbolic":"function","parameters":["fn"],"value":{"__symbolic":"binop","operator":"||","left":{"__symbolic":"binop","operator":"instanceof","left":{"__symbolic":"reference","name":"fn"},"right":{"__symbolic":"reference","name":"Function"}},"right":{"__symbolic":"binop","operator":"===","left":{"__symbolic":"call","expression":{"__symbolic":"select","expression":{"__symbolic":"select","expression":{"__symbolic":"select","expression":{"__symbolic":"reference","name":"Object"},"member":"prototype"},"member":"toString"},"member":"call"},"arguments":[{"__symbolic":"reference","name":"fn"}]},"right":"[object Function]"}}},"isNumber":{"__symbolic":"function","parameters":["value"],"value":{"__symbolic":"binop","operator":"||","left":{"__symbolic":"binop","operator":"===","left":{"__symbolic":"error","message":"Expression form not supported","line":26,"character":9},"right":"number"},"right":{"__symbolic":"binop","operator":"===","left":{"__symbolic":"call","expression":{"__symbolic":"select","expression":{"__symbolic":"select","expression":{"__symbolic":"select","expression":{"__symbolic":"reference","name":"Object"},"member":"prototype"},"member":"toString"},"member":"call"},"arguments":[{"__symbolic":"reference","name":"value"}]},"right":"[object Number]"}}},"isArray":{"__symbolic":"function","parameters":["input"],"value":{"__symbolic":"binop","operator":"||","left":{"__symbolic":"binop","operator":"instanceof","left":{"__symbolic":"reference","name":"input"},"right":{"__symbolic":"reference","name":"Array"}},"right":{"__symbolic":"binop","operator":"===","left":{"__symbolic":"call","expression":{"__symbolic":"select","expression":{"__symbolic":"select","expression":{"__symbolic":"select","expression":{"__symbolic":"reference","name":"Object"},"member":"prototype"},"member":"toString"},"member":"call"},"arguments":[{"__symbolic":"reference","name":"input"}]},"right":"[object Array]"}}},"hasOwnProp":{"__symbolic":"function","parameters":["a","b"],"value":{"__symbolic":"call","expression":{"__symbolic":"select","expression":{"__symbolic":"select","expression":{"__symbolic":"select","expression":{"__symbolic":"reference","name":"Object"},"member":"prototype"},"member":"hasOwnProperty"},"member":"call"},"arguments":[{"__symbolic":"reference","name":"a"},{"__symbolic":"reference","name":"b"}]}},"isObject":{"__symbolic":"function","parameters":["input"],"value":{"__symbolic":"binop","operator":"&&","left":{"__symbolic":"binop","operator":"!=","left":{"__symbolic":"reference","name":"input"},"right":null},"right":{"__symbolic":"binop","operator":"===","left":{"__symbolic":"call","expression":{"__symbolic":"select","expression":{"__symbolic":"select","expression":{"__symbolic":"select","expression":{"__symbolic":"reference","name":"Object"},"member":"prototype"},"member":"toString"},"member":"call"},"arguments":[{"__symbolic":"reference","name":"input"}]},"right":"[object Object]"}}},"isObjectEmpty":{"__symbolic":"function"},"isUndefined":{"__symbolic":"function","parameters":["input"],"value":{"__symbolic":"binop","operator":"===","left":{"__symbolic":"reference","name":"input"},"right":{"__symbolic":"error","message":"Expression form not supported","line":64,"character":19}}},"toInt":{"__symbolic":"function"}}}]