[{"__symbolic":"module","version":4,"metadata":{"AccordionPanelComponent":{"__symbolic":"class","decorators":[{"__symbolic":"call","expression":{"__symbolic":"reference","module":"@angular/core","name":"Component","line":12,"character":1},"arguments":[{"selector":"accordion-group, accordion-panel","template":"<div class=\"panel card\" [ngClass]=\"panelClass\"> <div class=\"panel-heading card-header\" role=\"tab\" (click)=\"toggleOpen($event)\"> <div class=\"panel-title\"> <div role=\"button\" class=\"accordion-toggle\" [attr.aria-expanded]=\"isOpen\"> <button class=\"btn btn-link\" *ngIf=\"heading\" [ngClass]=\"{'text-muted': isDisabled}\"> {{ heading }} </button> <ng-content select=\"[accordion-heading]\"></ng-content> </div> </div> </div> <div class=\"panel-collapse collapse\" role=\"tabpanel\" [collapse]=\"!isOpen\"> <div class=\"panel-body card-block card-body\"> <ng-content></ng-content> </div> </div> </div> ","host":{"class":"panel","style":"display: block"}}]}],"members":{"heading":[{"__symbolic":"property","decorators":[{"__symbolic":"call","expression":{"__symbolic":"reference","module":"@angular/core","name":"Input","line":22,"character":3}}]}],"panelClass":[{"__symbolic":"property","decorators":[{"__symbolic":"call","expression":{"__symbolic":"reference","module":"@angular/core","name":"Input","line":28,"character":3}}]}],"isDisabled":[{"__symbolic":"property","decorators":[{"__symbolic":"call","expression":{"__symbolic":"reference","module":"@angular/core","name":"Input","line":30,"character":3}}]}],"isOpenChange":[{"__symbolic":"property","decorators":[{"__symbolic":"call","expression":{"__symbolic":"reference","module":"@angular/core","name":"Output","line":32,"character":3}}]}],"isOpen":[{"__symbolic":"property","decorators":[{"__symbolic":"call","expression":{"__symbolic":"reference","module":"@angular/core","name":"HostBinding","line":36,"character":3},"arguments":["class.panel-open"]},{"__symbolic":"call","expression":{"__symbolic":"reference","module":"@angular/core","name":"Input","line":37,"character":3}}]}],"__ctor__":[{"__symbolic":"constructor","parameterDecorators":[[{"__symbolic":"call","expression":{"__symbolic":"reference","module":"@angular/core","name":"Inject","line":61,"character":15},"arguments":[{"__symbolic":"reference","module":"./accordion.component","name":"AccordionComponent","line":61,"character":22}]}]],"parameters":[{"__symbolic":"reference","module":"./accordion.component","name":"AccordionComponent","line":61,"character":53}]}],"ngOnInit":[{"__symbolic":"method"}],"ngOnDestroy":[{"__symbolic":"method"}],"toggleOpen":[{"__symbolic":"method"}]}}}}]