[{"__symbolic":"module","version":4,"metadata":{"AccordionModule":{"__symbolic":"class","decorators":[{"__symbolic":"call","expression":{"__symbolic":"reference","module":"@angular/core","name":"NgModule","line":8,"character":1},"arguments":[{"imports":[{"__symbolic":"reference","module":"@angular/common","name":"CommonModule","line":9,"character":12},{"__symbolic":"reference","module":"../collapse/collapse.module","name":"CollapseModule","line":9,"character":26}],"declarations":[{"__symbolic":"reference","module":"./accordion.component","name":"AccordionComponent","line":10,"character":17},{"__symbolic":"reference","module":"./accordion-group.component","name":"AccordionPanelComponent","line":10,"character":37}],"exports":[{"__symbolic":"reference","module":"./accordion.component","name":"AccordionComponent","line":11,"character":12},{"__symbolic":"reference","module":"./accordion-group.component","name":"AccordionPanelComponent","line":11,"character":32}]}]}],"statics":{"forRoot":{"__symbolic":"function","parameters":[],"value":{"ngModule":{"__symbolic":"reference","name":"AccordionModule"},"providers":[{"__symbolic":"reference","module":"./accordion.config","name":"AccordionConfig","line":15,"character":52}]}}}}}}]