[{"__symbolic":"module","version":4,"metadata":{"ButtonsModule":{"__symbolic":"class","decorators":[{"__symbolic":"call","expression":{"__symbolic":"reference","module":"@angular/core","name":"NgModule","line":6,"character":1},"arguments":[{"declarations":[{"__symbolic":"reference","module":"./button-checkbox.directive","name":"ButtonCheckboxDirective","line":7,"character":17},{"__symbolic":"reference","module":"./button-radio.directive","name":"ButtonRadioDirective","line":7,"character":42},{"__symbolic":"reference","module":"./button-radio-group.directive","name":"ButtonRadioGroupDirective","line":7,"character":64}],"exports":[{"__symbolic":"reference","module":"./button-checkbox.directive","name":"ButtonCheckboxDirective","line":8,"character":12},{"__symbolic":"reference","module":"./button-radio.directive","name":"ButtonRadioDirective","line":8,"character":37},{"__symbolic":"reference","module":"./button-radio-group.directive","name":"ButtonRadioGroupDirective","line":8,"character":59}]}]}],"statics":{"forRoot":{"__symbolic":"function","parameters":[],"value":{"ngModule":{"__symbolic":"reference","name":"ButtonsModule"},"providers":[]}}}}}}]