[{"__symbolic":"module","version":4,"metadata":{"RADIO_CONTROL_VALUE_ACCESSOR":{"provide":{"__symbolic":"reference","module":"@angular/forms","name":"NG_VALUE_ACCESSOR","line":9,"character":11},"useExisting":{"__symbolic":"reference","name":"ButtonRadioDirective"},"multi":true},"ButtonRadioDirective":{"__symbolic":"class","decorators":[{"__symbolic":"call","expression":{"__symbolic":"reference","module":"@angular/core","name":"Directive","line":18,"character":1},"arguments":[{"selector":"[btnRadio]","providers":[{"__symbolic":"reference","name":"RADIO_CONTROL_VALUE_ACCESSOR"}]}]}],"members":{"btnRadio":[{"__symbolic":"property","decorators":[{"__symbolic":"call","expression":{"__symbolic":"reference","module":"@angular/core","name":"Input","line":29,"character":3}}]}],"uncheckable":[{"__symbolic":"property","decorators":[{"__symbolic":"call","expression":{"__symbolic":"reference","module":"@angular/core","name":"Input","line":31,"character":3}}]}],"value":[{"__symbolic":"property","decorators":[{"__symbolic":"call","expression":{"__symbolic":"reference","module":"@angular/core","name":"Input","line":33,"character":3}}]}],"disabled":[{"__symbolic":"property","decorators":[{"__symbolic":"call","expression":{"__symbolic":"reference","module":"@angular/core","name":"Input","line":46,"character":3}}]}],"isActive":[{"__symbolic":"property","decorators":[{"__symbolic":"call","expression":{"__symbolic":"reference","module":"@angular/core","name":"HostBinding","line":55,"character":3},"arguments":["class.active"]},{"__symbolic":"call","expression":{"__symbolic":"reference","module":"@angular/core","name":"HostBinding","line":56,"character":3},"arguments":["attr.aria-pressed"]}]}],"__ctor__":[{"__symbolic":"constructor","parameterDecorators":[null,null,[{"__symbolic":"call","expression":{"__symbolic":"reference","module":"@angular/core","name":"Optional","line":64,"character":5}}],null],"parameters":[{"__symbolic":"reference","module":"@angular/core","name":"ElementRef","line":62,"character":16},{"__symbolic":"reference","module":"@angular/core","name":"ChangeDetectorRef","line":63,"character":17},{"__symbolic":"reference","module":"./button-radio-group.directive","name":"ButtonRadioGroupDirective","line":64,"character":31},{"__symbolic":"reference","module":"@angular/core","name":"Renderer2","line":65,"character":22}]}],"onClick":[{"__symbolic":"method","decorators":[{"__symbolic":"call","expression":{"__symbolic":"reference","module":"@angular/core","name":"HostListener","line":68,"character":3},"arguments":["click"]}]}],"ngOnInit":[{"__symbolic":"method"}],"onBlur":[{"__symbolic":"method"}],"_onChange":[{"__symbolic":"method"}],"writeValue":[{"__symbolic":"method"}],"registerOnChange":[{"__symbolic":"method"}],"registerOnTouched":[{"__symbolic":"method"}],"setDisabledState":[{"__symbolic":"method"}]}}}}]