[{"__symbolic":"module","version":4,"metadata":{"RADIO_CONTROL_VALUE_ACCESSOR":{"provide":{"__symbolic":"reference","module":"@angular/forms","name":"NG_VALUE_ACCESSOR","line":5,"character":11},"useExisting":{"__symbolic":"reference","name":"ButtonRadioGroupDirective"},"multi":true},"ButtonRadioGroupDirective":{"__symbolic":"class","decorators":[{"__symbolic":"call","expression":{"__symbolic":"reference","module":"@angular/core","name":"Directive","line":14,"character":1},"arguments":[{"selector":"[btnRadioGroup]","providers":[{"__symbolic":"reference","name":"RADIO_CONTROL_VALUE_ACCESSOR"}]}]}],"members":{"__ctor__":[{"__symbolic":"constructor","parameters":[{"__symbolic":"reference","module":"@angular/core","name":"ElementRef","line":31,"character":26},{"__symbolic":"reference","module":"@angular/core","name":"ChangeDetectorRef","line":31,"character":51}]}],"writeValue":[{"__symbolic":"method"}],"registerOnChange":[{"__symbolic":"method"}],"registerOnTouched":[{"__symbolic":"method"}]}}}}]