[{"__symbolic":"module","version":4,"metadata":{"match1":{"__symbolic":"error","message":"Expression form not supported","line":3,"character":22},"match2":{"__symbolic":"error","message":"Expression form not supported","line":4,"character":22},"match3":{"__symbolic":"error","message":"Expression form not supported","line":5,"character":22},"match4":{"__symbolic":"error","message":"Expression form not supported","line":6,"character":22},"match6":{"__symbolic":"error","message":"Expression form not supported","line":7,"character":22},"match1to2":{"__symbolic":"error","message":"Expression form not supported","line":8,"character":25},"match3to4":{"__symbolic":"error","message":"Expression form not supported","line":9,"character":25},"match5to6":{"__symbolic":"error","message":"Expression form not supported","line":10,"character":25},"match1to3":{"__symbolic":"error","message":"Expression form not supported","line":11,"character":25},"match1to4":{"__symbolic":"error","message":"Expression form not supported","line":12,"character":25},"match1to6":{"__symbolic":"error","message":"Expression form not supported","line":13,"character":25},"matchUnsigned":{"__symbolic":"error","message":"Expression form not supported","line":15,"character":29},"matchSigned":{"__symbolic":"error","message":"Expression form not supported","line":16,"character":27},"matchOffset":{"__symbolic":"error","message":"Expression form not supported","line":18,"character":27},"matchShortOffset":{"__symbolic":"error","message":"Expression form not supported","line":19,"character":32},"matchTimestamp":{"__symbolic":"error","message":"Expression form not supported","line":21,"character":30},"matchWord":{"__symbolic":"error","message":"Expression form not supported","line":26,"character":25},"RegExpTokenFn":{"__symbolic":"interface"},"addRegexToken":{"__symbolic":"function"},"getParseRegexForToken":{"__symbolic":"function"},"regexEscape":{"__symbolic":"function","parameters":["str"],"value":{"__symbolic":"call","expression":{"__symbolic":"select","expression":{"__symbolic":"reference","name":"str"},"member":"replace"},"arguments":[{"__symbolic":"error","message":"Expression form not supported","line":63,"character":21},"\\$&"]}}}}]