[{"__symbolic":"module","version":4,"metadata":{"CollapseModule":{"__symbolic":"class","decorators":[{"__symbolic":"call","expression":{"__symbolic":"reference","module":"@angular/core","name":"NgModule","line":4,"character":1},"arguments":[{"declarations":[{"__symbolic":"reference","module":"./collapse.directive","name":"CollapseDirective","line":5,"character":17}],"exports":[{"__symbolic":"reference","module":"./collapse.directive","name":"CollapseDirective","line":6,"character":12}]}]}],"statics":{"forRoot":{"__symbolic":"function","parameters":[],"value":{"ngModule":{"__symbolic":"reference","name":"CollapseModule"},"providers":[]}}}}}}]