[{"__symbolic":"module","version":4,"metadata":{"CollapseDirective":{"__symbolic":"class","decorators":[{"__symbolic":"call","expression":{"__symbolic":"reference","module":"@angular/core","name":"Directive","line":11,"character":1},"arguments":[{"selector":"[collapse]","exportAs":"bs-collapse","host":{"[class.collapse]":"true","$quoted$":["[class.collapse]"]}}]}],"members":{"collapsed":[{"__symbolic":"property","decorators":[{"__symbolic":"call","expression":{"__symbolic":"reference","module":"@angular/core","name":"Output","line":20,"character":3}}]}],"expanded":[{"__symbolic":"property","decorators":[{"__symbolic":"call","expression":{"__symbolic":"reference","module":"@angular/core","name":"Output","line":22,"character":3}}]}],"display":[{"__symbolic":"property","decorators":[{"__symbolic":"call","expression":{"__symbolic":"reference","module":"@angular/core","name":"HostBinding","line":24,"character":3},"arguments":["style.display"]}]}],"isExpanded":[{"__symbolic":"property","decorators":[{"__symbolic":"call","expression":{"__symbolic":"reference","module":"@angular/core","name":"HostBinding","line":26,"character":3},"arguments":["class.in"]},{"__symbolic":"call","expression":{"__symbolic":"reference","module":"@angular/core","name":"HostBinding","line":27,"character":3},"arguments":["class.show"]},{"__symbolic":"call","expression":{"__symbolic":"reference","module":"@angular/core","name":"HostBinding","line":28,"character":3},"arguments":["attr.aria-expanded"]}]}],"isCollapsed":[{"__symbolic":"property","decorators":[{"__symbolic":"call","expression":{"__symbolic":"reference","module":"@angular/core","name":"HostBinding","line":31,"character":3},"arguments":["attr.aria-hidden"]}]}],"isCollapse":[{"__symbolic":"property","decorators":[{"__symbolic":"call","expression":{"__symbolic":"reference","module":"@angular/core","name":"HostBinding","line":33,"character":3},"arguments":["class.collapse"]}]}],"isCollapsing":[{"__symbolic":"property","decorators":[{"__symbolic":"call","expression":{"__symbolic":"reference","module":"@angular/core","name":"HostBinding","line":35,"character":3},"arguments":["class.collapsing"]}]}],"collapse":[{"__symbolic":"property","decorators":[{"__symbolic":"call","expression":{"__symbolic":"reference","module":"@angular/core","name":"Input","line":38,"character":3}}]}],"__ctor__":[{"__symbolic":"constructor","parameters":[{"__symbolic":"reference","module":"@angular/core","name":"ElementRef","line":48,"character":27},{"__symbolic":"reference","module":"@angular/core","name":"Renderer2","line":48,"character":58}]}],"toggle":[{"__symbolic":"method"}],"hide":[{"__symbolic":"method"}],"show":[{"__symbolic":"method"}]}}}}]