[{"__symbolic":"module","version":4,"metadata":{"BsDatepickerDirective":{"__symbolic":"class","decorators":[{"__symbolic":"call","expression":{"__symbolic":"reference","module":"@angular/core","name":"Directive","line":10,"character":1},"arguments":[{"selector":"[bsDatepicker]","exportAs":"bsDatepicker"}]}],"members":{"placement":[{"__symbolic":"property","decorators":[{"__symbolic":"call","expression":{"__symbolic":"reference","module":"@angular/core","name":"Input","line":18,"character":3}}]}],"triggers":[{"__symbolic":"property","decorators":[{"__symbolic":"call","expression":{"__symbolic":"reference","module":"@angular/core","name":"Input","line":23,"character":3}}]}],"outsideClick":[{"__symbolic":"property","decorators":[{"__symbolic":"call","expression":{"__symbolic":"reference","module":"@angular/core","name":"Input","line":27,"character":3}}]}],"container":[{"__symbolic":"property","decorators":[{"__symbolic":"call","expression":{"__symbolic":"reference","module":"@angular/core","name":"Input","line":32,"character":3}}]}],"isOpen":[{"__symbolic":"property","decorators":[{"__symbolic":"call","expression":{"__symbolic":"reference","module":"@angular/core","name":"Input","line":37,"character":3}}]}],"onShown":[{"__symbolic":"property","decorators":[{"__symbolic":"call","expression":{"__symbolic":"reference","module":"@angular/core","name":"Output","line":53,"character":3}}]}],"onHidden":[{"__symbolic":"property","decorators":[{"__symbolic":"call","expression":{"__symbolic":"reference","module":"@angular/core","name":"Output","line":57,"character":3}}]}],"bsValue":[{"__symbolic":"property","decorators":[{"__symbolic":"call","expression":{"__symbolic":"reference","module":"@angular/core","name":"Input","line":63,"character":3}}]}],"bsConfig":[{"__symbolic":"property","decorators":[{"__symbolic":"call","expression":{"__symbolic":"reference","module":"@angular/core","name":"Input","line":75,"character":3}}]}],"isDisabled":[{"__symbolic":"property","decorators":[{"__symbolic":"call","expression":{"__symbolic":"reference","module":"@angular/core","name":"Input","line":79,"character":3}}]}],"minDate":[{"__symbolic":"property","decorators":[{"__symbolic":"call","expression":{"__symbolic":"reference","module":"@angular/core","name":"Input","line":83,"character":3}}]}],"maxDate":[{"__symbolic":"property","decorators":[{"__symbolic":"call","expression":{"__symbolic":"reference","module":"@angular/core","name":"Input","line":87,"character":3}}]}],"bsValueChange":[{"__symbolic":"property","decorators":[{"__symbolic":"call","expression":{"__symbolic":"reference","module":"@angular/core","name":"Output","line":91,"character":3}}]}],"__ctor__":[{"__symbolic":"constructor","parameters":[{"__symbolic":"reference","module":"./bs-datepicker.config","name":"BsDatepickerConfig","line":98,"character":30},{"__symbolic":"reference","module":"@angular/core","name":"ElementRef","line":99,"character":27},{"__symbolic":"reference","module":"@angular/core","name":"Renderer2","line":100,"character":25},{"__symbolic":"reference","module":"@angular/core","name":"ViewContainerRef","line":101,"character":33},{"__symbolic":"reference","module":"../component-loader/component-loader.factory","name":"ComponentLoaderFactory","line":102,"character":19}]}],"ngOnInit":[{"__symbolic":"method"}],"ngOnChanges":[{"__symbolic":"method"}],"show":[{"__symbolic":"method"}],"hide":[{"__symbolic":"method"}],"toggle":[{"__symbolic":"method"}],"setConfig":[{"__symbolic":"method"}],"ngOnDestroy":[{"__symbolic":"method"}]}}}}]