[{"__symbolic":"module","version":4,"metadata":{"BsDatepickerInputDirective":{"__symbolic":"class","decorators":[{"__symbolic":"call","expression":{"__symbolic":"reference","module":"@angular/core","name":"Directive","line":27,"character":1},"arguments":[{"selector":"input[bsDatepicker]","host":{"(change)":"onChange($event)","(keyup.esc)":"hide()","(blur)":"onBlur()","$quoted$":["(change)","(keyup.esc)","(blur)"]},"providers":[{"provide":{"__symbolic":"reference","module":"@angular/forms","name":"NG_VALUE_ACCESSOR","line":15,"character":11},"useExisting":{"__symbolic":"reference","name":"BsDatepickerInputDirective"},"multi":true},{"provide":{"__symbolic":"reference","module":"@angular/forms","name":"NG_VALIDATORS","line":22,"character":11},"useExisting":{"__symbolic":"reference","name":"BsDatepickerInputDirective"},"multi":true}]}]}],"members":{"__ctor__":[{"__symbolic":"constructor","parameterDecorators":[[{"__symbolic":"call","expression":{"__symbolic":"reference","module":"@angular/core","name":"Host","line":43,"character":15}}],null,null,null,null],"parameters":[{"__symbolic":"reference","module":"./bs-datepicker.component","name":"BsDatepickerDirective","line":43,"character":39},{"__symbolic":"reference","module":"./bs-locale.service","name":"BsLocaleService","line":44,"character":38},{"__symbolic":"reference","module":"@angular/core","name":"Renderer2","line":45,"character":33},{"__symbolic":"reference","module":"@angular/core","name":"ElementRef","line":46,"character":30},{"__symbolic":"reference","module":"@angular/core","name":"ChangeDetectorRef","line":47,"character":39}]}],"_setInputValue":[{"__symbolic":"method"}],"onChange":[{"__symbolic":"method"}],"validate":[{"__symbolic":"method"}],"registerOnValidatorChange":[{"__symbolic":"method"}],"writeValue":[{"__symbolic":"method"}],"setDisabledState":[{"__symbolic":"method"}],"registerOnChange":[{"__symbolic":"method"}],"registerOnTouched":[{"__symbolic":"method"}],"onBlur":[{"__symbolic":"method"}],"hide":[{"__symbolic":"method"}]}}}}]