[{"__symbolic":"module","version":4,"metadata":{"BsDatepickerModule":{"__symbolic":"class","decorators":[{"__symbolic":"call","expression":{"__symbolic":"reference","module":"@angular/core","name":"NgModule","line":40,"character":1},"arguments":[{"imports":[{"__symbolic":"reference","module":"@angular/common","name":"CommonModule","line":41,"character":12}],"declarations":[{"__symbolic":"reference","module":"./themes/bs/bs-datepicker-day-decorator.directive","name":"BsDatepickerDayDecoratorComponent","line":43,"character":4},{"__symbolic":"reference","module":"./themes/bs/bs-current-date-view.component","name":"BsCurrentDateViewComponent","line":44,"character":4},{"__symbolic":"reference","module":"./themes/bs/bs-datepicker-navigation-view.component","name":"BsDatepickerNavigationViewComponent","line":45,"character":4},{"__symbolic":"reference","module":"./themes/bs/bs-timepicker-view.component","name":"BsTimepickerViewComponent","line":46,"character":4},{"__symbolic":"reference","module":"./themes/bs/bs-calendar-layout.component","name":"BsCalendarLayoutComponent","line":48,"character":4},{"__symbolic":"reference","module":"./themes/bs/bs-days-calendar-view.component","name":"BsDaysCalendarViewComponent","line":49,"character":4},{"__symbolic":"reference","module":"./themes/bs/bs-months-calendar-view.component","name":"BsMonthCalendarViewComponent","line":50,"character":4},{"__symbolic":"reference","module":"./themes/bs/bs-years-calendar-view.component","name":"BsYearsCalendarViewComponent","line":51,"character":4},{"__symbolic":"reference","module":"./themes/bs/bs-custom-dates-view.component","name":"BsCustomDatesViewComponent","line":53,"character":4},{"__symbolic":"reference","module":"./themes/bs/bs-datepicker-container.component","name":"BsDatepickerContainerComponent","line":30,"character":2},{"__symbolic":"reference","module":"./themes/bs/bs-daterangepicker-container.component","name":"BsDaterangepickerContainerComponent","line":31,"character":2},{"__symbolic":"reference","module":"./bs-datepicker.component","name":"BsDatepickerDirective","line":33,"character":2},{"__symbolic":"reference","module":"./bs-datepicker-input.directive","name":"BsDatepickerInputDirective","line":34,"character":2},{"__symbolic":"reference","module":"./bs-daterangepicker-input.directive","name":"BsDaterangepickerInputDirective","line":36,"character":2},{"__symbolic":"reference","module":"./bs-daterangepicker.component","name":"BsDaterangepickerDirective","line":37,"character":2}],"entryComponents":[{"__symbolic":"reference","module":"./themes/bs/bs-datepicker-container.component","name":"BsDatepickerContainerComponent","line":58,"character":4},{"__symbolic":"reference","module":"./themes/bs/bs-daterangepicker-container.component","name":"BsDaterangepickerContainerComponent","line":59,"character":4}],"exports":[{"__symbolic":"reference","module":"./themes/bs/bs-datepicker-container.component","name":"BsDatepickerContainerComponent","line":30,"character":2},{"__symbolic":"reference","module":"./themes/bs/bs-daterangepicker-container.component","name":"BsDaterangepickerContainerComponent","line":31,"character":2},{"__symbolic":"reference","module":"./bs-datepicker.component","name":"BsDatepickerDirective","line":33,"character":2},{"__symbolic":"reference","module":"./bs-datepicker-input.directive","name":"BsDatepickerInputDirective","line":34,"character":2},{"__symbolic":"reference","module":"./bs-daterangepicker-input.directive","name":"BsDaterangepickerInputDirective","line":36,"character":2},{"__symbolic":"reference","module":"./bs-daterangepicker.component","name":"BsDaterangepickerDirective","line":37,"character":2}]}]}],"members":{"__ctor__":[{"__symbolic":"constructor"}]},"statics":{"forRoot":{"__symbolic":"function","parameters":[],"value":{"ngModule":{"__symbolic":"reference","name":"BsDatepickerModule"},"providers":[{"__symbolic":"reference","module":"../component-loader/component-loader.factory","name":"ComponentLoaderFactory","line":74,"character":8},{"__symbolic":"reference","module":"../positioning/positioning.service","name":"PositioningService","line":75,"character":8},{"__symbolic":"reference","module":"./reducer/bs-datepicker.store","name":"BsDatepickerStore","line":76,"character":8},{"__symbolic":"reference","module":"./reducer/bs-datepicker.actions","name":"BsDatepickerActions","line":77,"character":8},{"__symbolic":"reference","module":"./bs-datepicker.config","name":"BsDatepickerConfig","line":78,"character":8},{"__symbolic":"reference","module":"./bs-daterangepicker.config","name":"BsDaterangepickerConfig","line":79,"character":8},{"__symbolic":"reference","module":"./reducer/bs-datepicker.effects","name":"BsDatepickerEffects","line":80,"character":8},{"__symbolic":"reference","module":"./bs-locale.service","name":"BsLocaleService","line":81,"character":8}]}}}}}}]