[{"__symbolic":"module","version":4,"metadata":{"DATEPICKER_CONTROL_VALUE_ACCESSOR":{"provide":{"__symbolic":"reference","module":"@angular/forms","name":"NG_VALUE_ACCESSOR","line":13,"character":11},"useExisting":{"__symbolic":"reference","name":"DatePickerComponent"},"multi":true},"DatePickerComponent":{"__symbolic":"class","decorators":[{"__symbolic":"call","expression":{"__symbolic":"reference","module":"@angular/core","name":"Component","line":20,"character":1},"arguments":[{"selector":"datepicker","template":"\n    <datepicker-inner [activeDate]=\"activeDate\"\n                      (update)=\"onUpdate($event)\"\n                      [locale]=\"config.locale\"\n                      [datepickerMode]=\"datepickerMode\"\n                      [initDate]=\"initDate\"\n                      [minDate]=\"minDate\"\n                      [maxDate]=\"maxDate\"\n                      [minMode]=\"minMode\"\n                      [maxMode]=\"maxMode\"\n                      [showWeeks]=\"showWeeks\"\n                      [formatDay]=\"formatDay\"\n                      [formatMonth]=\"formatMonth\"\n                      [formatYear]=\"formatYear\"\n                      [formatDayHeader]=\"formatDayHeader\"\n                      [formatDayTitle]=\"formatDayTitle\"\n                      [formatMonthTitle]=\"formatMonthTitle\"\n                      [startingDay]=\"startingDay\"\n                      [yearRange]=\"yearRange\"\n                      [customClass]=\"customClass\"\n                      [dateDisabled]=\"dateDisabled\"\n                      [dayDisabled]=\"dayDisabled\"\n                      [onlyCurrentMonth]=\"onlyCurrentMonth\"\n                      [shortcutPropagation]=\"shortcutPropagation\"\n                      [monthColLimit]=\"monthColLimit\"\n                      [yearColLimit]=\"yearColLimit\"\n                      (selectionDone)=\"onSelectionDone($event)\"\n                      (activeDateChange)=\"onActiveDateChange($event)\">\n      <daypicker tabindex=\"0\"></daypicker>\n      <monthpicker tabindex=\"0\"></monthpicker>\n      <yearpicker tabindex=\"0\"></yearpicker>\n    </datepicker-inner>\n    ","providers":[{"__symbolic":"reference","name":"DATEPICKER_CONTROL_VALUE_ACCESSOR"}]}]}],"members":{"datepickerMode":[{"__symbolic":"property","decorators":[{"__symbolic":"call","expression":{"__symbolic":"reference","module":"@angular/core","name":"Input","line":60,"character":3}}]}],"initDate":[{"__symbolic":"property","decorators":[{"__symbolic":"call","expression":{"__symbolic":"reference","module":"@angular/core","name":"Input","line":62,"character":3}}]}],"minDate":[{"__symbolic":"property","decorators":[{"__symbolic":"call","expression":{"__symbolic":"reference","module":"@angular/core","name":"Input","line":64,"character":3}}]}],"maxDate":[{"__symbolic":"property","decorators":[{"__symbolic":"call","expression":{"__symbolic":"reference","module":"@angular/core","name":"Input","line":66,"character":3}}]}],"minMode":[{"__symbolic":"property","decorators":[{"__symbolic":"call","expression":{"__symbolic":"reference","module":"@angular/core","name":"Input","line":68,"character":3}}]}],"maxMode":[{"__symbolic":"property","decorators":[{"__symbolic":"call","expression":{"__symbolic":"reference","module":"@angular/core","name":"Input","line":70,"character":3}}]}],"showWeeks":[{"__symbolic":"property","decorators":[{"__symbolic":"call","expression":{"__symbolic":"reference","module":"@angular/core","name":"Input","line":72,"character":3}}]}],"formatDay":[{"__symbolic":"property","decorators":[{"__symbolic":"call","expression":{"__symbolic":"reference","module":"@angular/core","name":"Input","line":74,"character":3}}]}],"formatMonth":[{"__symbolic":"property","decorators":[{"__symbolic":"call","expression":{"__symbolic":"reference","module":"@angular/core","name":"Input","line":76,"character":3}}]}],"formatYear":[{"__symbolic":"property","decorators":[{"__symbolic":"call","expression":{"__symbolic":"reference","module":"@angular/core","name":"Input","line":78,"character":3}}]}],"formatDayHeader":[{"__symbolic":"property","decorators":[{"__symbolic":"call","expression":{"__symbolic":"reference","module":"@angular/core","name":"Input","line":80,"character":3}}]}],"formatDayTitle":[{"__symbolic":"property","decorators":[{"__symbolic":"call","expression":{"__symbolic":"reference","module":"@angular/core","name":"Input","line":82,"character":3}}]}],"formatMonthTitle":[{"__symbolic":"property","decorators":[{"__symbolic":"call","expression":{"__symbolic":"reference","module":"@angular/core","name":"Input","line":84,"character":3}}]}],"startingDay":[{"__symbolic":"property","decorators":[{"__symbolic":"call","expression":{"__symbolic":"reference","module":"@angular/core","name":"Input","line":86,"character":3}}]}],"yearRange":[{"__symbolic":"property","decorators":[{"__symbolic":"call","expression":{"__symbolic":"reference","module":"@angular/core","name":"Input","line":88,"character":3}}]}],"onlyCurrentMonth":[{"__symbolic":"property","decorators":[{"__symbolic":"call","expression":{"__symbolic":"reference","module":"@angular/core","name":"Input","line":90,"character":3}}]}],"shortcutPropagation":[{"__symbolic":"property","decorators":[{"__symbolic":"call","expression":{"__symbolic":"reference","module":"@angular/core","name":"Input","line":92,"character":3}}]}],"monthColLimit":[{"__symbolic":"property","decorators":[{"__symbolic":"call","expression":{"__symbolic":"reference","module":"@angular/core","name":"Input","line":94,"character":3}}]}],"yearColLimit":[{"__symbolic":"property","decorators":[{"__symbolic":"call","expression":{"__symbolic":"reference","module":"@angular/core","name":"Input","line":96,"character":3}}]}],"customClass":[{"__symbolic":"property","decorators":[{"__symbolic":"call","expression":{"__symbolic":"reference","module":"@angular/core","name":"Input","line":98,"character":3}}]}],"dateDisabled":[{"__symbolic":"property","decorators":[{"__symbolic":"call","expression":{"__symbolic":"reference","module":"@angular/core","name":"Input","line":100,"character":3}}]}],"dayDisabled":[{"__symbolic":"property","decorators":[{"__symbolic":"call","expression":{"__symbolic":"reference","module":"@angular/core","name":"Input","line":102,"character":3}}]}],"activeDate":[{"__symbolic":"property","decorators":[{"__symbolic":"call","expression":{"__symbolic":"reference","module":"@angular/core","name":"Input","line":105,"character":3}}]}],"selectionDone":[{"__symbolic":"property","decorators":[{"__symbolic":"call","expression":{"__symbolic":"reference","module":"@angular/core","name":"Output","line":114,"character":3}}]}],"activeDateChange":[{"__symbolic":"property","decorators":[{"__symbolic":"call","expression":{"__symbolic":"reference","module":"@angular/core","name":"Output","line":118,"character":3}}]}],"_datePicker":[{"__symbolic":"property","decorators":[{"__symbolic":"call","expression":{"__symbolic":"reference","module":"@angular/core","name":"ViewChild","line":123,"character":3},"arguments":[{"__symbolic":"reference","module":"./datepicker-inner.component","name":"DatePickerInnerComponent","line":123,"character":13}]}]}],"__ctor__":[{"__symbolic":"constructor","parameters":[{"__symbolic":"reference","module":"./datepicker.config","name":"DatepickerConfig","line":134,"character":22}]}],"configureOptions":[{"__symbolic":"method"}],"onUpdate":[{"__symbolic":"method"}],"onSelectionDone":[{"__symbolic":"method"}],"onActiveDateChange":[{"__symbolic":"method"}],"writeValue":[{"__symbolic":"method"}],"registerOnChange":[{"__symbolic":"method"}],"registerOnTouched":[{"__symbolic":"method"}]}}}}]