[{"__symbolic":"module","version":4,"metadata":{"DatepickerModule":{"__symbolic":"class","decorators":[{"__symbolic":"call","expression":{"__symbolic":"reference","module":"@angular/core","name":"NgModule","line":11,"character":1},"arguments":[{"imports":[{"__symbolic":"reference","module":"@angular/common","name":"CommonModule","line":12,"character":12},{"__symbolic":"reference","module":"@angular/forms","name":"FormsModule","line":12,"character":26}],"declarations":[{"__symbolic":"reference","module":"./datepicker.component","name":"DatePickerComponent","line":14,"character":4},{"__symbolic":"reference","module":"./datepicker-inner.component","name":"DatePickerInnerComponent","line":15,"character":4},{"__symbolic":"reference","module":"./daypicker.component","name":"DayPickerComponent","line":16,"character":4},{"__symbolic":"reference","module":"./monthpicker.component","name":"MonthPickerComponent","line":17,"character":4},{"__symbolic":"reference","module":"./yearpicker.component","name":"YearPickerComponent","line":18,"character":4}],"exports":[{"__symbolic":"reference","module":"./datepicker.component","name":"DatePickerComponent","line":21,"character":4},{"__symbolic":"reference","module":"./datepicker-inner.component","name":"DatePickerInnerComponent","line":22,"character":4},{"__symbolic":"reference","module":"./daypicker.component","name":"DayPickerComponent","line":23,"character":4},{"__symbolic":"reference","module":"./monthpicker.component","name":"MonthPickerComponent","line":24,"character":4},{"__symbolic":"reference","module":"./yearpicker.component","name":"YearPickerComponent","line":25,"character":4}],"entryComponents":[{"__symbolic":"reference","module":"./datepicker.component","name":"DatePickerComponent","line":27,"character":20}]}]}],"statics":{"forRoot":{"__symbolic":"function","parameters":[],"value":{"ngModule":{"__symbolic":"reference","name":"DatepickerModule"},"providers":[{"__symbolic":"reference","module":"./datepicker.config","name":"DatepickerConfig","line":31,"character":53}]}}}}}}]