[{"__symbolic":"module","version":4,"metadata":{"DayPickerComponent":{"__symbolic":"class","decorators":[{"__symbolic":"call","expression":{"__symbolic":"reference","module":"@angular/core","name":"Component","line":6,"character":1},"arguments":[{"selector":"daypicker","template":"\n<table *ngIf=\"datePicker.datepickerMode === 'day'\" role=\"grid\" [attr.aria-labelledby]=\"datePicker.uniqueId + '-title'\" aria-activedescendant=\"activeDateId\">\n  <thead>\n    <tr>\n      <th>\n        <button *ngIf=\"!isBs4\"\n                type=\"button\"\n                class=\"btn btn-default btn-secondary btn-sm pull-left float-left\"\n                (click)=\"datePicker.move(-1)\"\n                tabindex=\"-1\">‹</button>\n        <button *ngIf=\"isBs4\"\n                type=\"button\"\n                class=\"btn btn-default btn-secondary btn-sm pull-left float-left\"\n                (click)=\"datePicker.move(-1)\"\n                tabindex=\"-1\">&lt;</button>\n      </th>\n      <th [attr.colspan]=\"5 + (datePicker.showWeeks ? 1 : 0)\">\n        <button [id]=\"datePicker.uniqueId + '-title'\"\n                type=\"button\" class=\"btn btn-default btn-secondary btn-sm\"\n                (click)=\"datePicker.toggleMode(0)\"\n                [disabled]=\"datePicker.datepickerMode === datePicker.maxMode\"\n                [ngClass]=\"{disabled: datePicker.datepickerMode === datePicker.maxMode}\" tabindex=\"-1\" style=\"width:100%;\">\n          <strong>{{ title }}</strong>\n        </button>\n      </th>\n      <th>\n        <button *ngIf=\"!isBs4\"\n                type=\"button\"\n                class=\"btn btn-default btn-secondary btn-sm pull-right float-right\"\n                (click)=\"datePicker.move(1)\"\n                tabindex=\"-1\">›</button>\n        <button *ngIf=\"isBs4\"\n                type=\"button\"\n                class=\"btn btn-default btn-secondary btn-sm pull-right float-right\"\n                (click)=\"datePicker.move(1)\"\n                tabindex=\"-1\">&gt;\n        </button>\n      </th>\n    </tr>\n    <tr>\n      <th *ngIf=\"datePicker.showWeeks\"></th>\n      <th *ngFor=\"let labelz of labels\" class=\"text-center\">\n        <small aria-label=\"labelz.full\"><b>{{ labelz.abbr }}</b></small>\n      </th>\n    </tr>\n  </thead>\n  <tbody>\n    <ng-template ngFor [ngForOf]=\"rows\" let-rowz=\"$implicit\" let-index=\"index\">\n      <tr *ngIf=\"!(datePicker.onlyCurrentMonth && rowz[0].secondary && rowz[6].secondary)\">\n        <td *ngIf=\"datePicker.showWeeks\" class=\"h6\" class=\"text-center\">\n          <em>{{ weekNumbers[index] }}</em>\n        </td>\n        <td *ngFor=\"let dtz of rowz\" class=\"text-center\" role=\"gridcell\" [id]=\"dtz.uid\">\n          <button type=\"button\" style=\"min-width:100%;\" class=\"btn btn-sm {{dtz.customClass}}\"\n                  *ngIf=\"!(datePicker.onlyCurrentMonth && dtz.secondary)\"\n                  [ngClass]=\"{'btn-secondary': isBs4 && !dtz.selected && !datePicker.isActive(dtz), 'btn-info': dtz.selected, disabled: dtz.disabled, active: !isBs4 && datePicker.isActive(dtz), 'btn-default': !isBs4}\"\n                  [disabled]=\"dtz.disabled\"\n                  (click)=\"datePicker.select(dtz.date)\" tabindex=\"-1\">\n            <span [ngClass]=\"{'text-muted': dtz.secondary || dtz.current, 'text-info': !isBs4 && dtz.current}\">{{ dtz.label }}</span>\n          </button>\n        </td>\n      </tr>\n    </ng-template>\n  </tbody>\n</table>\n  ","styles":["\n    :host .btn-secondary {\n      color: #292b2c;\n      background-color: #fff;\n      border-color: #ccc;\n    }\n    :host .btn-info .text-muted {\n      color: #292b2c !important;\n    }\n  "]}]}],"members":{"__ctor__":[{"__symbolic":"constructor","parameters":[{"__symbolic":"reference","module":"./datepicker-inner.component","name":"DatePickerInnerComponent","line":94,"character":26}]}],"ngOnInit":[{"__symbolic":"method"}],"getDates":[{"__symbolic":"method"}],"getISO8601WeekNumber":[{"__symbolic":"method"}]}}}}]