[{"__symbolic":"module","version":4,"metadata":{},"exports":[{"from":"./datepicker.component","export":["DatePickerComponent"]},{"from":"./datepicker.module","export":["DatepickerModule"]},{"from":"./daypicker.component","export":["DayPickerComponent"]},{"from":"./monthpicker.component","export":["MonthPickerComponent"]},{"from":"./yearpicker.component","export":["YearPickerComponent"]},{"from":"./date-formatter","export":["DateFormatter"]},{"from":"./datepicker.config","export":["DatepickerConfig"]},{"from":"./bs-datepicker.module","export":["BsDatepickerModule"]},{"from":"./bs-datepicker.component","export":["BsDatepickerDirective"]},{"from":"./bs-daterangepicker.component","export":["BsDaterangepickerDirective"]},{"from":"./bs-datepicker.config","export":["BsDatepickerConfig"]},{"from":"./bs-daterangepicker.config","export":["BsDaterangepickerConfig"]},{"from":"./bs-locale.service","export":["BsLocaleService"]}]}]