[{"__symbolic":"module","version":4,"metadata":{"MonthPickerComponent":{"__symbolic":"class","decorators":[{"__symbolic":"call","expression":{"__symbolic":"reference","module":"@angular/core","name":"Component","line":7,"character":1},"arguments":[{"selector":"monthpicker","template":"\n<table *ngIf=\"datePicker.datepickerMode==='month'\" role=\"grid\">\n  <thead>\n    <tr>\n      <th>\n        <button type=\"button\" class=\"btn btn-default btn-sm pull-left float-left\"\n                (click)=\"datePicker.move(-1)\" tabindex=\"-1\">‹</button></th>\n      <th [attr.colspan]=\"((datePicker.monthColLimit - 2) <= 0) ? 1 : datePicker.monthColLimit - 2\">\n        <button [id]=\"datePicker.uniqueId + '-title'\"\n                type=\"button\" class=\"btn btn-default btn-sm\"\n                (click)=\"datePicker.toggleMode(0)\"\n                [disabled]=\"datePicker.datepickerMode === maxMode\"\n                [ngClass]=\"{disabled: datePicker.datepickerMode === maxMode}\" tabindex=\"-1\" style=\"width:100%;\">\n          <strong>{{ title }}</strong> \n        </button>\n      </th>\n      <th>\n        <button type=\"button\" class=\"btn btn-default btn-sm pull-right float-right\"\n                (click)=\"datePicker.move(1)\" tabindex=\"-1\">›</button>\n      </th>\n    </tr>\n  </thead>\n  <tbody>\n    <tr *ngFor=\"let rowz of rows\">\n      <td *ngFor=\"let dtz of rowz\" class=\"text-center\" role=\"gridcell\" [attr.id]=\"dtz.uid\" [ngClass]=\"dtz.customClass\">\n        <button type=\"button\" style=\"min-width:100%;\" class=\"btn btn-default\"\n                [ngClass]=\"{'btn-link': isBs4 && !dtz.selected && !datePicker.isActive(dtz), 'btn-info': dtz.selected || (isBs4 && !dtz.selected && datePicker.isActive(dtz)), disabled: dtz.disabled, active: !isBs4 && datePicker.isActive(dtz)}\"\n                [disabled]=\"dtz.disabled\"\n                (click)=\"datePicker.select(dtz.date)\" tabindex=\"-1\">\n          <span [ngClass]=\"{'text-success': isBs4 && dtz.current, 'text-info': !isBs4 && dtz.current}\">{{ dtz.label }}</span>\n        </button>\n      </td>\n    </tr>\n  </tbody>\n</table>\n  ","styles":["\n    :host .btn-info .text-success {\n      color: #fff !important;\n    }\n  "]}]}],"members":{"__ctor__":[{"__symbolic":"constructor","parameters":[{"__symbolic":"reference","module":"./datepicker-inner.component","name":"DatePickerInnerComponent","line":59,"character":26}]}],"ngOnInit":[{"__symbolic":"method"}]}}}}]