[{"__symbolic":"module","version":4,"metadata":{"BsDatepickerViewState":{"__symbolic":"interface"},"BsDatepickerState":{"__symbolic":"class"},"initialDatepickerState":{"__symbolic":"call","expression":{"__symbolic":"select","expression":{"__symbolic":"reference","name":"Object"},"member":"assign"},"arguments":[{"__symbolic":"new","expression":{"__symbolic":"reference","module":"../bs-datepicker.config","name":"BsDatepickerConfig","line":73,"character":6}},{"locale":"en","view":{"date":{"__symbolic":"new","expression":{"__symbolic":"reference","name":"Date"}},"mode":"day"},"selectedRange":[],"monthViewOptions":{"__symbolic":"reference","module":"./_defaults","name":"defaultMonthOptions","line":78,"character":22}}]}}}]