[{"__symbolic":"module","version":4,"metadata":{"BsDatepickerEffects":{"__symbolic":"class","decorators":[{"__symbolic":"call","expression":{"__symbolic":"reference","module":"@angular/core","name":"Injectable","line":21,"character":1}}],"members":{"__ctor__":[{"__symbolic":"constructor","parameters":[{"__symbolic":"reference","module":"./bs-datepicker.actions","name":"BsDatepickerActions","line":32,"character":32},{"__symbolic":"reference","module":"../bs-locale.service","name":"BsLocaleService","line":33,"character":38}]}],"init":[{"__symbolic":"method"}],"setValue":[{"__symbolic":"method"}],"setRangeValue":[{"__symbolic":"method"}],"setMinDate":[{"__symbolic":"method"}],"setMaxDate":[{"__symbolic":"method"}],"setDisabled":[{"__symbolic":"method"}],"setOptions":[{"__symbolic":"method"}],"setBindings":[{"__symbolic":"method"}],"setEventHandlers":[{"__symbolic":"method"}],"registerDatepickerSideEffects":[{"__symbolic":"method"}],"destroy":[{"__symbolic":"method"}]}}}}]