[{"__symbolic":"module","version":4,"metadata":{"AlertModule":{"__symbolic":"class","decorators":[{"__symbolic":"call","expression":{"__symbolic":"reference","module":"@angular/core","name":"NgModule","line":5,"character":1},"arguments":[{"imports":[{"__symbolic":"reference","module":"@angular/common","name":"CommonModule","line":6,"character":12}],"declarations":[{"__symbolic":"reference","module":"./alert.component","name":"AlertComponent","line":7,"character":17}],"exports":[{"__symbolic":"reference","module":"./alert.component","name":"AlertComponent","line":8,"character":12}],"entryComponents":[{"__symbolic":"reference","module":"./alert.component","name":"AlertComponent","line":9,"character":20}]}]}],"statics":{"forRoot":{"__symbolic":"function","parameters":[],"value":{"ngModule":{"__symbolic":"reference","name":"AlertModule"},"providers":[{"__symbolic":"reference","module":"./alert.config","name":"AlertConfig","line":13,"character":48}]}}}}}}]