[{"__symbolic":"module","version":4,"metadata":{"AlertComponent":{"__symbolic":"class","decorators":[{"__symbolic":"call","expression":{"__symbolic":"reference","module":"@angular/core","name":"Component","line":12,"character":1},"arguments":[{"selector":"alert,bs-alert","template":"<ng-template [ngIf]=\"isOpen\"> <div [class]=\"'alert alert-' + type\" role=\"alert\" [ngClass]=\"classes\"> <ng-template [ngIf]=\"dismissible\"> <button type=\"button\" class=\"close\" aria-label=\"Close\" (click)=\"close()\"> <span aria-hidden=\"true\">&times;</span> <span class=\"sr-only\">Close</span> </button> </ng-template> <ng-content></ng-content> </div> </ng-template> ","changeDetection":{"__symbolic":"select","expression":{"__symbolic":"reference","module":"@angular/core","name":"ChangeDetectionStrategy","line":15,"character":19},"member":"OnPush"}}]}],"members":{"type":[{"__symbolic":"property","decorators":[{"__symbolic":"call","expression":{"__symbolic":"reference","module":"@angular/core","name":"Input","line":22,"character":3}}]}],"dismissible":[{"__symbolic":"property","decorators":[{"__symbolic":"call","expression":{"__symbolic":"reference","module":"../utils/decorators","name":"OnChange","line":24,"character":3}},{"__symbolic":"call","expression":{"__symbolic":"reference","module":"@angular/core","name":"Input","line":24,"character":17}}]}],"dismissOnTimeout":[{"__symbolic":"property","decorators":[{"__symbolic":"call","expression":{"__symbolic":"reference","module":"@angular/core","name":"Input","line":26,"character":3}}]}],"isOpen":[{"__symbolic":"property","decorators":[{"__symbolic":"call","expression":{"__symbolic":"reference","module":"@angular/core","name":"Input","line":29,"character":3}}]}],"onClose":[{"__symbolic":"property","decorators":[{"__symbolic":"call","expression":{"__symbolic":"reference","module":"@angular/core","name":"Output","line":34,"character":3}}]}],"onClosed":[{"__symbolic":"property","decorators":[{"__symbolic":"call","expression":{"__symbolic":"reference","module":"@angular/core","name":"Output","line":36,"character":3}}]}],"__ctor__":[{"__symbolic":"constructor","parameters":[{"__symbolic":"reference","module":"./alert.config","name":"AlertConfig","line":42,"character":23},{"__symbolic":"reference","module":"@angular/core","name":"ChangeDetectorRef","line":42,"character":61}]}],"ngOnInit":[{"__symbolic":"method"}],"close":[{"__symbolic":"method"}]}}}}]