[{"__symbolic":"module","version":4,"metadata":{"bubble":{"__symbolic":"function"},"daysToMonths":{"__symbolic":"function","parameters":["day"],"value":{"__symbolic":"binop","operator":"/","left":{"__symbolic":"binop","operator":"*","left":{"__symbolic":"reference","name":"day"},"right":4800},"right":146097}},"monthsToDays":{"__symbolic":"function","parameters":["month"],"value":{"__symbolic":"binop","operator":"/","left":{"__symbolic":"binop","operator":"*","left":{"__symbolic":"reference","name":"month"},"right":146097},"right":4800}}}}]