[{"__symbolic":"module","version":4,"metadata":{"Duration":{"__symbolic":"class","members":{"__ctor__":[{"__symbolic":"constructor","parameters":[{"__symbolic":"error","message":"Could not resolve type","line":18,"character":24,"context":{"typeName":"Partial"}},{"__symbolic":"reference","module":"../create/parsing.types","name":"DateParsingConfig","line":18,"character":53}]}],"isValid":[{"__symbolic":"method"}],"humanize":[{"__symbolic":"method"}],"localeData":[{"__symbolic":"method"}],"locale":[{"__symbolic":"method"},{"__symbolic":"method"},{"__symbolic":"method"}],"abs":[{"__symbolic":"method"}],"as":[{"__symbolic":"method"}],"valueOf":[{"__symbolic":"method"}]}},"isDuration":{"__symbolic":"function","parameters":["obj"],"value":{"__symbolic":"binop","operator":"instanceof","left":{"__symbolic":"reference","name":"obj"},"right":{"__symbolic":"reference","name":"Duration"}}}}}]